i,current,temp,ma3I,ma3T,currentSlope,tempSlope,varI,power,tempAcc,target,targetLabel
"0","0","29.81955","0","29.81946","0","0.000146","0","0","0","0","ok"
"1","0","29.83585","0","29.83496","0","0.000752","0","0","0","0","ok"
"2","0","29.87377","0","29.8737","0","0.000116","0","0","0","0","ok"
"3","0","29.9016","0","29.90103","0","0.00051","0","0","0","0","ok"
"4","0","29.92653","0","29.92605","0","0.000485","0","0","0","0","ok"
"5","0","29.94845","0","29.94827","0","0.000241","0","0","0","0","ok"
"6","0","29.95258","0","29.95277","0","-0.000242","0","0","0","0","ok"
"7","0","29.9375","0","29.9375","0","-3.315201e-7","0","0","0","0","ok"
"8","0","29.91323","0","29.91376","0","-0.000587","0","0","0","0","ok"
"9","0","29.88671","0","29.8872","0","-0.000367","0","0","0","0","ok"
"10","0","29.8761","0","29.87613","0","-0.000039","0","0","0","0","ok"
"11","0.008055","29.89686","0.007196","29.88305","0.000824","0.008301","0.000097","1.852638","0.002382","0","ok"
"12","0.051384","37.6175","0.051377","37.41373","0.000013","0.195296","0.000214","11.81828","-0.000331","0","ok"
"13","0.040284","45.79385","0.04115","45.71858","-0.000852","0.078219","0.000347","9.265269","-0.004139","0","ok"
"14","0","42.23028","0","42.37722","0","-0.140039","0.000025","0","0.002088","0","ok"
"15","0","36.68052","0","36.73542","0","-0.052963","0","0","0","0","ok"
"16","0.076249","39.04023","0.07483","38.85043","0.001355","0.172499","0.000294","17.5372","0.004521","0","ok"
"17","0.023851","49.86135","0.02527","49.84885","-0.001238","0.021246","0.000291","5.485715","-0.007399","0","ok"
"18","0","43.55149","0","43.66215","0","-0.107123","0","0","0.002878","0","ok"
"19","0","38.8243","0","38.88677","0","-0.060023","0","0","0","0","ok"
"20","0.080544","38.30067","0.078583","38.17449","0.001878","0.107348","0.000538","18.52518","0.005211","0","ok"
"21","0.021366","50.6964","0.023328","50.63472","-0.001708","0.063981","0.000577","4.914202","-0.008468","1","warn"
"22","0","44.19091","0","44.31062","0","-0.113986","0","0","0.003256","0","ok"
"23","0","38.99103","0","39.05808","0","-0.064643","0","0","0","0","ok"
"24","0","35.9788","0","36.01316","0","-0.033503","0","0","0","0","ok"
"25","0","35.28656","0","35.24912","0","0.032383","0","0","0.001707","0","ok"
"26","0.0029","36.28008","0.001976","36.324","0.000552","-0.038106","0.00002","0.666971","-0.001707","0","ok"
"27","0.009087","35.00711","0.010011","35.016","-0.000555","-0.0097","0.000237","2.089993","0","0","ok"
"28","0","36.16613","0","36.10749","0","0.056319","0","0","0","0","ok"
"29","0","36.24859","0","36.29588","0","-0.044186","0","0","0","0","ok"
"30","0.051362","34.76914","0.050047","34.73596","0.001244","0.027084","0.000255","11.81321","0.002139","0","ok"
"31","0.078781","40.12972","0.078773","40.02163","0.000016","0.100395","0.000006716362","18.11973","0.000038","0","ok"
"32","0.079396","45.14455","0.079392","45.09347","-0.000003344442","0.051164","0.000003740415","18.26099","-0.002176","0","ok"
"33","0.078577","47.94695","0.078597","47.89624","-0.000006334075","0.044763","0.000007306861","18.07263","0.001841","0","ok"
"34","0.037562","49.93965","0.038868","49.94222","-0.001225","0.004501","0.000253","8.639172","-0.003956","0","ok"
"35","0","45.61756","0","45.72969","0","-0.105824","0","0","0.002115","0","ok"
"36","0","40.0596","0","40.13141","0","-0.06937","0","0","0","0","ok"
"37","0","37.09891","0","37.13677","0","-0.036305","0","0","0","0","ok"
"38","0","34.83652","0","34.86922","0","-0.031495","0","0","0","0","ok"
"39","0","33.5286","0","33.54544","0","-0.01591","0","0","0","0","ok"
"40","0","32.4503","0","32.46539","0","-0.014578","0","0","0","0","ok"
"41","0","31.93903","0","31.93747","0","-0.000208","0","0","0","0","ok"
"42","0.000904","35.81582","0.000904","35.69402","-3.61617e-7","0.115833","0.000046","0.207961","0","0","ok"
"43","0.037976","38.10761","0.035561","38.15029","0.002307","-0.040328","0.000821","8.734576","0","0","ok"
"44","0.142979","45.45599","0.144927","45.12233","-0.000585","0.293848","0.000035","32.88522","0.006787","0","ok"
"45","0","60.08921","0.000468","60.09692","-0.001434","0.009361","0.00078","0","-0.009433","1","warn"
"46","0","51.52109","0","51.66906","0","-0.135931","0","0","0.002646","0","ok"
"47","0","44.42599","0","44.521","0","-0.089346","0","0","0","0","ok"
"48","0","39.89211","0","39.95269","0","-0.058138","0","0","0","0","ok"
"49","0","36.77965","0","36.82264","0","-0.041672","0","0","0","0","ok"
"50","0.083315","41.13729","0.083315","40.92801","0.000003391008","0.200203","0.003913","19.1625","0","0","ok"
"51","0","45.06538","0","45.16985","0","-0.09913","0","0","0","0","ok"
"52","0","39.57638","0","39.65009","0","-0.070562","0","0","0","0","ok"
"53","0","36.16445","0","36.20526","0","-0.039193","0","0","0","0","ok"
"54","0","34.30366","0","34.32859","0","-0.024103","0","0","0","0","ok"
"55","0","33.27114","0","33.28413","0","-0.012463","0","0","0","0","ok"
"56","0","32.38054","0","32.39382","0","-0.012567","0","0","0","0","ok"
"57","0","31.79538","0","31.80328","0","-0.007733","0","0","0","0","ok"
"58","0","31.38038","0","31.38669","0","-0.006063","0","0","0","0","ok"
"59","0","31.03146","0","31.03674","0","-0.005095","0","0","0","0","ok"
"60","0","31.30383","0","31.29575","0","0.007524","0","0","0","0","ok"
"61","-0.064158","33.70966","-0.062941","33.58448","-0.001183","0.113922","0.000236","14.75624","0.003232","0","ok"
"62","-0.073917","45.8682","-0.073836","45.64508","-0.000002697954","0.212477","0.000007864925","17.00088","0.000044","0","ok"
"63","-0.07373","57.76767","-0.073692","57.61245","-0.000066","0.148455","0.000008121991","16.9578","-0.003276","1","warn"
"64","-0.074737","64.74851","-0.074794","64.64288","0.00003","0.094786","0.000009548898","17.18954","0","1","warn"
"65","-0.006514","67.54867","-0.007792","67.61588","0.001121","-0.056149","0.000254","1.498278","-0.002577","1","warn"
"66","0","58.74748","0","58.90798","0","-0.150314","0","0","0.000422","1","warn"
"67","0","50.44523","0","50.56227","0","-0.109833","0","0","0.002155","0","ok"
"68","0","44.84534","0","44.91886","0","-0.069248","0","0","0","0","ok"
"69","0","41.06361","0","41.11623","0","-0.050674","0","0","0","0","ok"
"70","0","38.52908","0","38.56353","0","-0.032509","0","0","0","0","ok"
"71","0","36.7544","0","36.78052","0","-0.024716","0","0","0","0","ok"
"72","0","35.3843","0","35.40446","0","-0.019268","0","0","0","0","ok"
"73","0","34.39555","0","34.40871","0","-0.012668","0","0","0","0","ok"
"74","0","33.63792","0","33.65059","0","-0.012066","0","0","0","0","ok"
"75","0","33.05367","0","33.06116","0","-0.007218","0","0","0","0","ok"
"76","0","32.65271","0","32.65775","0","-0.004616","0","0","0","0","ok"
"77","0","32.39201","0","32.39631","0","-0.004139","0","0","0","0","ok"
"78","0","32.16146","0","32.16525","0","-0.003464","0","0","0","0","ok"
"79","0","31.91466","0","31.9182","0","-0.003479","0","0","0","0","ok"
"80","-0.001083","33.57708","-0.001083","34.45647","-7.332923e-7","-1.250434","0.000066","0.249112","0","2","critical"
